,Title,Genre,Director,Actors,Plot
0,The Shawshank Redemption,"Crime, Drama",Frank Darabont,"Tim Robbins, Morgan Freeman, Bob Gunton, William Sadler","Two imprisoned men bond over a number of years, finding solace and eventual redemption through acts of common decency."
1,The Godfather,"Crime, Drama",Francis Ford Coppola,"Marlon Brando, Al Pacino, James Caan, Richard S. Castellano",The aging patriarch of an organized crime dynasty transfers control of his clandestine empire to his reluctant son.
2,The Godfather: Part II,"Crime, Drama",Francis Ford Coppola,"Al Pacino, Robert Duvall, Diane Keaton, Robert De Niro","The early life and career of Vito Corleone in 1920s New York is portrayed while his son, Michael, expands and tightens his grip on the family crime syndicate."
3,The Dark Knight,"Action, Crime, Drama",Christopher Nolan,"Christian Bale, Heath Ledger, Aaron Eckhart, Michael Caine","When the menace known as the Joker emerges from his mysterious past, he wreaks havoc and chaos on the people of Gotham, the Dark Knight must accept one of the greatest psychological and physical tests of his ability to fight injustice."
4,12 Angry Men,"Crime, Drama",Sidney Lumet,"Martin Balsam, John Fiedler, Lee J. Cobb, E.G. Marshall",A jury holdout attempts to prevent a miscarriage of justice by forcing his colleagues to reconsider the evidence.
5,Schindler's List,"Biography, Drama, History",Steven Spielberg,"Liam Neeson, Ben Kingsley, Ralph Fiennes, Caroline Goodall","In German-occupied Poland during World War II, Oskar Schindler gradually becomes concerned for his Jewish workforce after witnessing their persecution by the Nazi Germans."
6,The Lord of the Rings: The Return of the King,"Adventure, Drama, Fantasy",Peter Jackson,"Noel Appleby, Ali Astin, Sean Astin, David Aston",Gandalf and Aragorn lead the World of Men against Sauron's army to draw his gaze from Frodo and Sam as they approach Mount Doom with the One Ring.
7,Pulp Fiction,"Crime, Drama",Quentin Tarantino,"Tim Roth, Amanda Plummer, Laura Lovelace, John Travolta","The lives of two mob hit men, a boxer, a gangster's wife, and a pair of diner bandits intertwine in four tales of violence and redemption."
8,Fight Club,Drama,David Fincher,"Edward Norton, Brad Pitt, Meat Loaf, Zach Grenier","An insomniac office worker, looking for a way to change his life, crosses paths with a devil-may-care soap maker, forming an underground fight club that evolves into something much, much more."
9,The Lord of the Rings: The Fellowship of the Ring,"Adventure, Drama, Fantasy",Peter Jackson,"Alan Howard, Noel Appleby, Sean Astin, Sala Baker",A meek Hobbit from the Shire and eight companions set out on a journey to destroy the powerful One Ring and save Middle Earth from the Dark Lord Sauron.
10,Forrest Gump,"Comedy, Drama, Romance",Robert Zemeckis,"Tom Hanks, Rebecca Williams, Sally Field, Michael Conner Humphreys","While not intelligent, Forrest Gump has accidentally been present at many historic moments, but his true love, Jenny Curran, eludes him."
11,Star Wars: Episode V - The Empire Strikes Back,"Action, Adventure, Fantasy",Irvin Kershner,"Mark Hamill, Harrison Ford, Carrie Fisher, Billy Dee Williams","After the rebels are overpowered by the Empire on their newly established base, Luke Skywalker begins Jedi training with Master Yoda. His friends accept shelter from a questionable ally as Darth Vader hunts them in a plan to capture Luke."
12,Inception,"Action, Adventure, Sci-Fi",Christopher Nolan,"Leonardo DiCaprio, Joseph Gordon-Levitt, Ellen Page, Tom Hardy","A thief, who steals corporate secrets through use of dream-sharing technology, is given the inverse task of planting an idea into the mind of a CEO."
13,The Lord of the Rings: The Two Towers,"Adventure, Drama, Fantasy",Peter Jackson,"Bruce Allpress, Sean Astin, John Bach, Sala Baker","While Frodo and Sam edge closer to Mordor with the help of the shifty Gollum, the divided fellowship makes a stand against Sauron's new ally, Saruman, and his hordes of Isengard."
14,One Flew Over the Cuckoo's Nest,Drama,Milos Forman,"Michael Berryman, Peter Brocco, Dean R. Brooks, Alonzo Brown",A criminal pleads insanity after getting into trouble again and once in the mental institution rebels against the oppressive nurse and rallies up the scared patients.
15,Goodfellas,"Crime, Drama",Martin Scorsese,"Robert De Niro, Ray Liotta, Joe Pesci, Lorraine Bracco","The story of Henry Hill and his life through the teen years into the years of mafia, covering his relationship with wife Karen Hill and his Mob partners Jimmy Conway and Tommy DeVitto in the Italian-American crime syndicate."
16,The Matrix,"Action, Sci-Fi","Lana Wachowski, Lilly Wachowski","Keanu Reeves, Laurence Fishburne, Carrie-Anne Moss, Hugo Weaving",A computer hacker learns from mysterious rebels about the true nature of his reality and his role in the war against its controllers.
17,Star Wars: Episode IV - A New Hope,"Action, Adventure, Fantasy",George Lucas,"Mark Hamill, Harrison Ford, Carrie Fisher, Peter Cushing","Luke Skywalker joins forces with a Jedi Knight, a cocky pilot, a wookiee and two droids to save the galaxy from the Empire's world-destroying battle-station, while also attempting to rescue Princess Leia from the evil Darth Vader."
18,Se7en,"Crime, Drama, Mystery",David Fincher,"Morgan Freeman, Andrew Kevin Walker, Kevin Spacey, Daniel Zacapa","Two detectives, a rookie and a veteran, hunt a serial killer who uses the seven deadly sins as his motives."
19,It's a Wonderful Life,"Drama, Family, Fantasy",Frank Capra,"James Stewart, Donna Reed, Lionel Barrymore, Thomas Mitchell",An angel is sent from Heaven to help a desperately frustrated businessman by showing him what life would have been like if he had never existed.
20,The Silence of the Lambs,"Crime, Drama, Thriller",Jonathan Demme,"Jodie Foster, Lawrence A. Bonney, Kasi Lemmons, Lawrence T. Wrentz",A young F.B.I. cadet must confide in an incarcerated and manipulative killer to receive his help on catching another serial killer who skins his victims.
21,The Usual Suspects,"Crime, Drama, Mystery",Bryan Singer,"Stephen Baldwin, Gabriel Byrne, Benicio Del Toro, Kevin Pollak","A sole survivor tells of the twisty events leading up to a horrific gun battle on a boat, which began when five criminals met at a seemingly random police lineup."
22,Léon: The Professional,"Crime, Drama, Thriller",Luc Besson,"Jean Reno, Gary Oldman, Natalie Portman, Danny Aiello","Mathilda, a 12-year-old girl, is reluctantly taken in by Léon, a professional assassin, after her family is murdered. Léon and Mathilda form an unusual relationship, as she becomes his protégée and learns the assassin's trade."
23,Saving Private Ryan,"Drama, War",Steven Spielberg,"Tom Hanks, Tom Sizemore, Edward Burns, Barry Pepper","Following the Normandy Landings, a group of U.S. soldiers go behind enemy lines to retrieve a paratrooper whose brothers have been killed in action."
24,City Lights,"Comedy, Drama, Romance",Charles Chaplin,"Virginia Cherrill, Florence Lee, Harry Myers, Al Ernest Garcia","With the aid of a wealthy erratic tippler, a dewy-eyed tramp who has fallen in love with a sightless flower girl accumulates money to be able to help her medically."
25,Interstellar,"Adventure, Drama, Sci-Fi",Christopher Nolan,"Ellen Burstyn, Matthew McConaughey, Mackenzie Foy, John Lithgow",A team of explorers travel through a wormhole in space in an attempt to ensure humanity's survival.
26,American History X,"Crime, Drama",Tony Kaye,"Edward Norton, Edward Furlong, Beverly D'Angelo, Jennifer Lien",A former neo-nazi skinhead tries to prevent his younger brother from going down the same wrong path that he did.
27,Modern Times,"Comedy, Drama, Family",Charles Chaplin,"Charles Chaplin, Paulette Goddard, Henry Bergman, Tiny Sandford",The Tramp struggles to live in modern industrial society with the help of a young homeless woman.
28,Casablanca,"Drama, Romance, War",Michael Curtiz,"Humphrey Bogart, Ingrid Bergman, Paul Henreid, Claude Rains","In Casablanca in December 1941, a cynical American expatriate encounters a former lover, with unforeseen complications."
29,The Green Mile,"Crime, Drama, Fantasy",Frank Darabont,"Tom Hanks, David Morse, Michael Clarke Duncan, Bonnie Hunt","The lives of guards on Death Row are affected by one of their charges: a black man accused of child murder and rape, yet who has a mysterious gift."
30,Psycho,"Horror, Mystery, Thriller",Alfred Hitchcock,"Anthony Perkins, Vera Miles, John Gavin, Janet Leigh","A Phoenix secretary embezzles $40,000 from her employer's client, goes on the run, and checks into a remote motel run by a young man under the domination of his mother."
31,Raiders of the Lost Ark,"Action, Adventure",Steven Spielberg,"Harrison Ford, Karen Allen, Paul Freeman, Ronald Lacey",Archaeologist and adventurer Indiana Jones is hired by the U.S. government to find the Ark of the Covenant before the Nazis.
32,The Pianist,"Biography, Drama, Music",Roman Polanski,"Adrien Brody, Emilia Fox, Michal Zebrowski, Ed Stoppard",A Polish Jewish musician struggles to survive the destruction of the Warsaw ghetto of World War II.
33,Rear Window,"Mystery, Thriller",Alfred Hitchcock,"James Stewart, Grace Kelly, Wendell Corey, Thelma Ritter",A wheelchair-bound photographer spies on his neighbours from his apartment window and becomes convinced one of them has committed murder.
34,The Departed,"Crime, Drama, Thriller",Martin Scorsese,"Leonardo DiCaprio, Matt Damon, Jack Nicholson, Mark Wahlberg",An undercover cop and a mole in the police attempt to identify each other while infiltrating an Irish gang in South Boston.
35,Whiplash,"Drama, Music",Damien Chazelle,"Miles Teller, J.K. Simmons, Paul Reiser, Melissa Benoist",A promising young drummer enrolls at a cut-throat music conservatory where his dreams of greatness are mentored by an instructor who will stop at nothing to realize a student's potential.
36,Terminator 2: Judgment Day,"Action, Sci-Fi, Thriller",James Cameron,"Arnold Schwarzenegger, Linda Hamilton, Edward Furlong, Robert Patrick","A cyborg, identical to the one who failed to kill Sarah Connor, must now protect her ten year old son, John Connor, from a more advanced cyborg."
37,Back to the Future,"Adventure, Comedy, Sci-Fi",Robert Zemeckis,"Michael J. Fox, Christopher Lloyd, Lea Thompson, Crispin Glover","Marty McFly, a 17-year-old high school student, is accidentally sent 30 years into the past in a time-traveling DeLorean invented by his close friend, the maverick scientist Doc Brown."
38,Gladiator,"Action, Adventure, Drama",Ridley Scott,"Russell Crowe, Joaquin Phoenix, Connie Nielsen, Oliver Reed","When a Roman general is betrayed and his family murdered by an emperor's corrupt son, he comes to Rome as a gladiator to seek revenge."
39,The Lion King,"Animation, Adventure, Drama","Roger Allers, Rob Minkoff","Rowan Atkinson, Matthew Broderick, Niketa Calame, Jim Cummings",Lion cub and future king Simba searches for his identity. His eagerness to please others and penchant for testing his boundaries sometimes gets him into trouble.
40,The Prestige,"Drama, Mystery, Sci-Fi",Christopher Nolan,"Hugh Jackman, Christian Bale, Michael Caine, Piper Perabo",Two stage magicians engage in competitive one-upmanship in an attempt to create the ultimate stage illusion.
41,Apocalypse Now,"Drama, War",Francis Ford Coppola,"Marlon Brando, Martin Sheen, Robert Duvall, Frederic Forrest","During the Vietnam War, Captain Willard is sent on a dangerous mission into Cambodia to assassinate a renegade colonel who has set himself up as a god among a local tribe."
42,Memento,"Mystery, Thriller",Christopher Nolan,"Guy Pearce, Carrie-Anne Moss, Joe Pantoliano, Mark Boone Junior",A man juggles searching for his wife's murderer and keeping his short-term memory loss from being an obstacle.
43,The Great Dictator,"Comedy, Drama, War",Charles Chaplin,"Charles Chaplin, Jack Oakie, Reginald Gardiner, Henry Daniell",Dictator Adenoid Hynkel tries to expand his empire while a poor Jewish barber tries to avoid persecution from Hynkel's regime.
44,Sunset Boulevard,"Drama, Film-Noir",Billy Wilder,"William Holden, Gloria Swanson, Erich von Stroheim, Nancy Olson",A screenwriter is hired to rework a faded silent film star's script only to find himself developing a dangerous relationship.
45,Alien,"Horror, Sci-Fi",Ridley Scott,"Tom Skerritt, Sigourney Weaver, Veronica Cartwright, Harry Dean Stanton","After a space merchant vessel perceives an unknown transmission as a distress call, its landing on the source moon finds one of the crew attacked by a mysterious life-form, and they soon realize that its life cycle has merely begun."
46,Dr. Strangelove or: How I Learned to Stop Worrying and Love the Bomb,Comedy,Stanley Kubrick,"Peter Sellers, George C. Scott, Sterling Hayden, Keenan Wynn",An insane general triggers a path to nuclear holocaust that a war room full of politicians and generals frantically try to stop.
47,Paths of Glory,"Drama, War",Stanley Kubrick,"Kirk Douglas, Ralph Meeker, Adolphe Menjou, George Macready","After refusing to attack an enemy position, a general accuses the soldiers of cowardice and their commanding officer must defend them."
48,Django Unchained,"Drama, Western",Quentin Tarantino,"Jamie Foxx, Christoph Waltz, Leonardo DiCaprio, Kerry Washington","With the help of a German bounty hunter , a freed slave sets out to rescue his wife from a brutal Mississippi plantation owner."
49,The Shining,"Drama, Horror",Stanley Kubrick,"Jack Nicholson, Shelley Duvall, Danny Lloyd, Scatman Crothers","A family heads to an isolated hotel for the winter where an evil and spiritual presence influences the father into violence, while his psychic son sees horrific forebodings from the past and of the future."
50,Witness for the Prosecution,"Crime, Drama, Mystery",Billy Wilder,"Tyrone Power, Marlene Dietrich, Charles Laughton, Elsa Lanchester",A veteran British barrister must defend his client in a murder trial that has surprise after surprise.
51,The Dark Knight Rises,"Action, Thriller",Christopher Nolan,"Christian Bale, Gary Oldman, Tom Hardy, Joseph Gordon-Levitt","Eight years after the Joker's reign of anarchy, the Dark Knight, with the help of the enigmatic Selina, is forced from his imposed exile to save Gotham City, now on the edge of total annihilation, from the brutal guerrilla terrorist Bane."
52,WALL·E,"Animation, Adventure, Family",Andrew Stanton,"Ben Burtt, Elissa Knight, Jeff Garlin, Fred Willard","In the distant future, a small waste-collecting robot inadvertently embarks on a space journey that will ultimately decide the fate of mankind."
53,American Beauty,"Drama, Romance",Sam Mendes,"Kevin Spacey, Annette Bening, Thora Birch, Wes Bentley",A sexually frustrated suburban father has a mid-life crisis after becoming infatuated with his daughter's best friend.
54,Once Upon a Time in America,"Crime, Drama",Sergio Leone,"Robert De Niro, James Woods, Elizabeth McGovern, Joe Pesci","A former Prohibition-era Jewish gangster returns to the Lower East Side of Manhattan over thirty years later, where he once again must confront the ghosts and regrets of his old life."
55,Aliens,"Action, Adventure, Sci-Fi",James Cameron,"Sigourney Weaver, Carrie Henn, Michael Biehn, Paul Reiser","The moon from Alien (1979) has been colonized, but contact is lost. This time, the rescue team has impressive firepower, but will it be enough?"
56,Citizen Kane,"Drama, Mystery",Orson Welles,"Joseph Cotten, Dorothy Comingore, Agnes Moorehead, Ruth Warrick","Following the death of a publishing tycoon, news reporters scramble to discover the meaning of his final utterance."
57,North by Northwest,"Action, Adventure, Mystery",Alfred Hitchcock,"Cary Grant, Eva Marie Saint, James Mason, Jessie Royce Landis","A hapless New York advertising executive is mistaken for a government agent by a group of foreign spies, and is pursued across the country while he looks for a way to survive."
58,Vertigo,"Mystery, Romance, Thriller",Alfred Hitchcock,"James Stewart, Kim Novak, Barbara Bel Geddes, Tom Helmore","A San Francisco detective suffering from acrophobia investigates the strange activities of an old friend's wife, all the while becoming dangerously obsessed with her."
59,Star Wars: Episode VI - Return of the Jedi,"Action, Adventure, Fantasy",Richard Marquand,"Mark Hamill, Harrison Ford, Carrie Fisher, Billy Dee Williams","After a daring mission to rescue Han Solo from Jabba the Hutt, the rebels dispatch to Endor to destroy a more powerful Death Star. Meanwhile, Luke struggles to help Vader back from the dark side without falling into the Emperor's trap."
60,Braveheart,"Biography, Drama, History",Mel Gibson,"James Robinson, Sean Lawlor, Sandy Nelson, James Cosmo","When his secret bride is executed for assaulting an English soldier who tried to rape her, Sir William Wallace begins a revolt against King Edward I of England."
61,Reservoir Dogs,"Crime, Drama, Thriller",Quentin Tarantino,"Harvey Keitel, Tim Roth, Michael Madsen, Chris Penn","After a simple jewelry heist goes terribly wrong, the surviving criminals begin to suspect that one of them is a police informant."
62,Double Indemnity,"Crime, Drama, Film-Noir",Billy Wilder,"Fred MacMurray, Barbara Stanwyck, Edward G. Robinson, Porter Hall",An insurance representative lets himself be talked into a murder/insurance fraud scheme that arouses an insurance investigator's suspicions.
63,Requiem for a Dream,Drama,Darren Aronofsky,"Ellen Burstyn, Jared Leto, Jennifer Connelly, Marlon Wayans",The drug-induced utopias of four Coney Island people are shattered when their addictions run deep.
64,Lawrence of Arabia,"Adventure, Biography, Drama",David Lean,"Peter O'Toole, Alec Guinness, Anthony Quinn, Jack Hawkins","The story of T.E. Lawrence, the English officer who successfully united and led the diverse, often warring, Arab tribes during World War I in order to fight the Turks."
65,The Kid,"Comedy, Drama, Family",Charles Chaplin,"Carl Miller, Edna Purviance, Jackie Coogan, Charles Chaplin","The Tramp cares for an abandoned child, but events put that relationship in jeopardy."
66,A Clockwork Orange,"Crime, Drama, Sci-Fi",Stanley Kubrick,"Malcolm McDowell, Patrick Magee, Michael Bates, Warren Clarke","In future Britain, Alex DeLarge, a charismatic and psycopath delinquent, who likes to practice crimes and ultra-violence with his gang, is jailed and volunteers for an experimental aversion therapy developed by the government in an effort to solve society's crime problem - but not all goes according to plan."
67,Amadeus,"Biography, Drama, History",Milos Forman,"F. Murray Abraham, Tom Hulce, Elizabeth Berridge, Roy Dotrice","The incredible story of Wolfgang Amadeus Mozart, told by his peer and secret rival Antonio Salieri - now confined to an insane asylum."
68,To Kill a Mockingbird,"Crime, Drama",Robert Mulligan,"Gregory Peck, John Megna, Frank Overton, Rosemary Murphy","Atticus Finch, a lawyer in the Depression-era South, defends a black man against an undeserved rape charge, and his children against prejudice."
69,Eternal Sunshine of the Spotless Mind,"Drama, Romance, Sci-Fi",Michel Gondry,"Jim Carrey, Kate Winslet, Gerry Robert Byrne, Elijah Wood","When their relationship turns sour, a couple undergoes a procedure to have each other erased from their memories. But it is only through the process of loss that they discover what they had to begin with."
70,Singin' in the Rain,"Comedy, Musical, Romance","Stanley Donen, Gene Kelly","Gene Kelly, Donald O'Connor, Debbie Reynolds, Jean Hagen",A silent film production company and cast make a difficult transition to sound.
71,Taxi Driver,"Crime, Drama",Martin Scorsese,"Diahnne Abbott, Frank Adu, Victor Argo, Gino Ardito","A mentally unstable Vietnam War veteran works as a night-time taxi driver in New York City where the perceived decadence and sleaze feeds his urge for violent action, while attempting to save a preadolescent prostitute in the process."
72,The Sting,"Comedy, Crime, Drama",George Roy Hill,"Paul Newman, Robert Redford, Robert Shaw, Charles Durning","In Chicago in September 1936, a young con man seeking revenge for his murdered partner teams up with a master of the big con to win a fortune from a criminal banker."
73,Toy Story 3,"Animation, Adventure, Comedy",Lee Unkrich,"Tom Hanks, Tim Allen, Joan Cusack, Ned Beatty","The toys are mistakenly delivered to a day-care center instead of the attic right before Andy leaves for college, and it's up to Woody to convince the other toys that they weren't abandoned and to return home."
74,2001: A Space Odyssey,"Adventure, Sci-Fi",Stanley Kubrick,"Keir Dullea, Gary Lockwood, William Sylvester, Daniel Richter","Humanity finds a mysterious, obviously artificial object buried beneath the Lunar surface and, with the intelligent computer H.A.L. 9000, sets off on a quest."
75,Full Metal Jacket,"Drama, War",Stanley Kubrick,"Matthew Modine, Adam Baldwin, Vincent D'Onofrio, R. Lee Ermey",A pragmatic U.S. Marine observes the dehumanizing effects the Vietnam War has on his fellow recruits from their brutal boot camp training to the bloody street fighting in Hue.
76,Baby Driver,"Action, Crime, Music",Edgar Wright,"Ansel Elgort, Jon Bernthal, Jon Hamm, Eiza González","After being coerced into working for a crime boss, a young getaway driver finds himself taking part in a heist doomed to fail."
77,Toy Story,"Animation, Adventure, Comedy",John Lasseter,"Tom Hanks, Tim Allen, Don Rickles, Jim Varney",A cowboy doll is profoundly threatened and jealous when a new spaceman figure supplants him as top toy in a boy's room.
78,Inglourious Basterds,"Adventure, Drama, War","Quentin Tarantino, Eli Roth","Brad Pitt, Mélanie Laurent, Christoph Waltz, Eli Roth","In Nazi-occupied France during World War II, a plan to assassinate Nazi leaders by a group of Jewish U.S. soldiers coincides with a theatre owner's vengeful plans for the same."
79,Snatch,"Comedy, Crime",Guy Ritchie,"Benicio Del Toro, Dennis Farina, Vinnie Jones, Brad Pitt","Unscrupulous boxing promoters, violent bookmakers, a Russian gangster, incompetent amateur robbers, and supposedly Jewish jewelers fight to track down a priceless stolen diamond."
80,The Apartment,"Comedy, Drama, Romance",Billy Wilder,"Jack Lemmon, Shirley MacLaine, Fred MacMurray, Ray Walston","A man tries to rise in his company by letting its executives use his apartment for trysts, but complications and a romance of his own ensue."
81,All About Eve,Drama,Joseph L. Mankiewicz,"Bette Davis, Anne Baxter, George Sanders, Celeste Holm",An ingenue insinuates herself into the company of an established but aging stage actress and her circle of theater friends.
82,Monty Python and the Holy Grail,"Adventure, Comedy, Fantasy","Terry Gilliam, Terry Jones","Graham Chapman, John Cleese, Eric Idle, Terry Gilliam","King Arthur and his knights embark on a low-budget search for the Grail, encountering many, very silly obstacles."
83,Scarface,"Crime, Drama",Brian De Palma,"Al Pacino, Steven Bauer, Michelle Pfeiffer, Mary Elizabeth Mastrantonio","In Miami in 1980, a determined Cuban immigrant takes over a drug cartel and succumbs to greed."
84,L.A. Confidential,"Crime, Drama, Mystery",Curtis Hanson,"Kevin Spacey, Russell Crowe, Guy Pearce, James Cromwell","As corruption grows in 1950s LA, three policemen - one strait-laced, one brutal, and one sleazy - investigate a series of murders with their own brand of justice."
85,Good Will Hunting,Drama,Gus Van Sant,"Matt Damon, Ben Affleck, Stellan Skarsgård, John Mighton","Will Hunting, a janitor at M.I.T., has a gift for mathematics, but needs help from a psychologist to find direction in his life."
86,The Treasure of the Sierra Madre,"Adventure, Drama, Western",John Huston,"Humphrey Bogart, Walter Huston, Tim Holt, Bruce Bennett","Fred Dobbs and Bob Curtin, two Americans searching for work in Mexico, convince an old prospector to help them mine for gold in the Sierra Madre Mountains."
87,Indiana Jones and the Last Crusade,"Action, Adventure, Fantasy",Steven Spielberg,"Harrison Ford, Sean Connery, Denholm Elliott, Alison Doody","When Dr. Henry Jones Sr. suddenly goes missing while pursuing the Holy Grail, eminent archaeologist Indiana Jones must follow in his father's footsteps to stop the Nazis from getting their hands on the Holy Grail first."
88,Some Like It Hot,"Comedy, Romance",Billy Wilder,"Marilyn Monroe, Tony Curtis, Jack Lemmon, George Raft","When two male musicians witness a mob hit, they flee the state in an all-female band disguised as women, but further complications set in."
89,Batman Begins,"Action, Adventure",Christopher Nolan,"Christian Bale, Michael Caine, Liam Neeson, Katie Holmes","After training with his mentor, Batman begins his fight to free crime-ridden Gotham City from the corruption that Scarecrow and the League of Shadows have cast upon it."
90,Up,"Animation, Adventure, Comedy","Pete Docter, Bob Peterson","Edward Asner, Christopher Plummer, Jordan Nagai, Bob Peterson","Seventy-eight year old Carl Fredricksen travels to Paradise Falls in his home equipped with balloons, inadvertently taking a young stowaway."
91,The Third Man,"Film-Noir, Mystery, Thriller",Carol Reed,"Joseph Cotten, Alida Valli, Orson Welles, Trevor Howard","Pulp novelist Holly Martins travels to shadowy, postwar Vienna, only to find himself investigating the mysterious death of an old friend, Harry Lime."
92,Unforgiven,"Drama, Western",Clint Eastwood,"Clint Eastwood, Gene Hackman, Morgan Freeman, Richard Harris","Retired Old West gunslinger William Munny reluctantly takes on one last job, with the help of his old partner and a young man."
93,Judgment at Nuremberg,"Drama, War",Stanley Kramer,"Spencer Tracy, Burt Lancaster, Richard Widmark, Marlene Dietrich","In 1948, an American court in occupied Germany tries four Nazi judges for war crimes."
94,Raging Bull,"Biography, Drama, Sport",Martin Scorsese,"Robert De Niro, Cathy Moriarty, Joe Pesci, Frank Vincent","An emotionally self-destructive boxer's journey through life, as the violence and temper that leads him to the top in the ring destroys his life outside it."
95,The Great Escape,"Adventure, Drama, History",John Sturges,"Steve McQueen, James Garner, Richard Attenborough, James Donald",Allied prisoners of war plan for several hundred of their number to escape from a German camp during World War II.
96,Heat,"Action, Crime, Drama",Michael Mann,"Al Pacino, Robert De Niro, Val Kilmer, Jon Voight","A group of professional bank robbers start to feel the heat from police when they unknowingly leave a clue at their latest heist, while both sides attempt to find balance between their personal lives with their professional lives."
97,Die Hard,"Action, Thriller",John McTiernan,"Bruce Willis, Bonnie Bedelia, Reginald VelJohnson, Paul Gleason","John McClane, officer of the NYPD, tries to save his wife Holly Gennaro and several others that were taken hostage by German terrorist Hans Gruber during a Christmas party at the Nakatomi Plaza in Los Angeles."
98,The Gold Rush,"Adventure, Comedy, Drama",Charles Chaplin,"Charles Chaplin, Mack Swain, Tom Murray, Henry Bergman",A prospector goes to the Klondike in search of gold and finds it and more.
99,Chinatown,"Drama, Mystery, Thriller",Roman Polanski,"Jack Nicholson, Faye Dunaway, John Huston, Perry Lopez","A private detective hired to expose an adulterer finds himself caught up in a web of deceit, corruption, and murder."
100,On the Waterfront,"Crime, Drama, Thriller",Elia Kazan,"Marlon Brando, Karl Malden, Lee J. Cobb, Rod Steiger",An ex-prize fighter turned longshoreman struggles to stand up to his corrupt union bosses.
101,Mr. Smith Goes to Washington,"Comedy, Drama",Frank Capra,"Jean Arthur, James Stewart, Claude Rains, Edward Arnold","A naive man is appointed to fill a vacancy in the United States Senate. His plans promptly collide with political corruption, but he doesn't back down."
102,The General,"Action, Adventure, Comedy","Clyde Bruckman, Buster Keaton","Buster Keaton, Marion Mack, Glen Cavender, Jim Farley","When Union spies steal an engineer's beloved locomotive, he pursues it single-handedly and straight through enemy lines."
103,Inside Out,"Animation, Adventure, Comedy","Pete Docter, Ronnie Del Carmen","Amy Poehler, Phyllis Smith, Richard Kind, Bill Hader","After young Riley is uprooted from her Midwest life and moved to San Francisco, her emotions - Joy, Fear, Anger, Disgust and Sadness - conflict on how best to navigate a new city, house, and school."
104,The Bridge on the River Kwai,"Adventure, Drama, War",David Lean,"William Holden, Alec Guinness, Jack Hawkins, Sessue Hayakawa","After settling his differences with a Japanese PoW camp commander, a British colonel co-operates to oversee his men's construction of a railway bridge for their captors - while oblivious to a plan by the Allies to destroy it."
105,Room,Drama,Lenny Abrahamson,"Brie Larson, Jacob Tremblay, Sean Bridgers, Wendy Crewson",A young boy is raised within the confines of a small shed.
106,La La Land,"Comedy, Drama, Music",Damien Chazelle,"Ryan Gosling, Emma Stone, Amiée Conn, Terry Walters",A jazz pianist falls for an aspiring actress in Los Angeles.
107,Logan,"Action, Drama, Sci-Fi",James Mangold,"Hugh Jackman, Patrick Stewart, Dafne Keen, Boyd Holbrook","In the near future, a weary Logan cares for an ailing Professor X somewhere on the Mexican border. However, Logan's attempts to hide from the world and his legacy are upended when a young mutant arrives, pursued by dark forces."
108,Blade Runner,"Sci-Fi, Thriller",Ridley Scott,"Harrison Ford, Rutger Hauer, Sean Young, Edward James Olmos",A blade runner must pursue and try to terminate four replicants who stole a ship in space and have returned to Earth to find their creator.
109,"Lock, Stock and Two Smoking Barrels","Comedy, Crime",Guy Ritchie,"Jason Flemyng, Dexter Fletcher, Nick Moran, Jason Statham","A botched card game in London triggers four friends, thugs, weed-growers, hard gangsters, loan sharks and debt collectors to collide with each other in a series of unexpected events, all for the sake of weed, cash and two antique shotguns."
110,Casino,"Crime, Drama",Martin Scorsese,"Robert De Niro, Sharon Stone, Joe Pesci, James Woods","Greed, deception, money, power, and murder occur between two best friends: a mafia underboss and a casino owner, for a trophy wife over a gambling empire."
111,A Beautiful Mind,"Biography, Drama",Ron Howard,"Russell Crowe, Ed Harris, Jennifer Connelly, Christopher Plummer","After John Nash, a brilliant but asocial mathematician, accepts secret work in cryptography, his life takes a turn for the nightmarish."
112,The Elephant Man,"Biography, Drama",David Lynch,"Anthony Hopkins, John Hurt, Anne Bancroft, John Gielgud","A Victorian surgeon rescues a heavily disfigured man who is mistreated while scraping a living as a side-show freak. Behind his monstrous facade, there is revealed a person of intelligence and sensitivity."
113,Warrior,"Action, Drama, Sport",Gavin O'Connor,"Joel Edgerton, Tom Hardy, Nick Nolte, Jennifer Morrison","The youngest son of an alcoholic former boxer returns home, where he's trained by his father for competition in a mixed martial arts tournament - a path that puts the fighter on a collision course with his estranged, older brother."
114,V for Vendetta,"Action, Drama, Thriller",James McTeigue,"Natalie Portman, Hugo Weaving, Stephen Rea, Stephen Fry","In a future British tyranny, a shadowy freedom fighter, known only by the alias of ""V"", plots to overthrow it with the help of a young woman."
115,The Wolf of Wall Street,"Biography, Comedy, Crime",Martin Scorsese,"Leonardo DiCaprio, Jonah Hill, Margot Robbie, Matthew McConaughey","Based on the true story of Jordan Belfort, from his rise to a wealthy stock-broker living the high life to his fall involving crime, corruption and the federal government."
116,Dial M for Murder,"Crime, Film-Noir, Thriller",Alfred Hitchcock,"Ray Milland, Grace Kelly, Robert Cummings, John Williams","An ex-tennis pro carries out a plot to murder his wife. When things go wrong, he improvises a brilliant plan B."
117,Hacksaw Ridge,"Biography, Drama, History",Mel Gibson,"Andrew Garfield, Richard Pyros, Jacob Warner, Milo Gibson","WWII American Army Medic Desmond T. Doss, who served during the Battle of Okinawa, refuses to kill people, and becomes the first man in American history to receive the Medal of Honor without firing a shot."
118,Gone with the Wind,"Drama, History, Romance","Victor Fleming, George Cukor, Sam Wood","Thomas Mitchell, Barbara O'Neil, Vivien Leigh, Evelyn Keyes",A manipulative woman and a roguish man conduct a turbulent romance during the American Civil War and Reconstruction periods.
119,The Message,"Adventure, Biography, Drama",Moustapha Akkad,"Anthony Quinn, Irene Papas, Michael Ansara, Johnny Sekka","In the 7th century, Mohammed, Peace Be Upon Him, is visited by Angel Gabriel who urges him to lead the people of Mecca and worship God. But they're exiled in Medina before returning to ..."
120,Rebecca,"Drama, Mystery, Romance",Alfred Hitchcock,"Laurence Olivier, Joan Fontaine, George Sanders, Judith Anderson",A self-conscious bride is tormented by the memory of her husband's dead first wife.
121,Trainspotting,Drama,Danny Boyle,"Ewan McGregor, Ewen Bremner, Jonny Lee Miller, Kevin McKidd","Renton, deeply immersed in the Edinburgh drug scene, tries to clean up and get out, despite the allure of the drugs and influence of friends."
122,The Deer Hunter,"Drama, War",Michael Cimino,"Robert De Niro, John Cazale, John Savage, Christopher Walken",An in-depth examination of the ways in which the U.S. Vietnam War impacts and disrupts the lives of people in a small industrial town in Pennsylvania.
123,Cool Hand Luke,"Crime, Drama",Stuart Rosenberg,"Paul Newman, George Kennedy, J.D. Cannon, Lou Antonio",A man refuses to conform to life in a rural prison.
124,Gran Torino,Drama,Clint Eastwood,"Clint Eastwood, Christopher Carley, Bee Vang, Ahney Her","Disgruntled Korean War veteran Walt Kowalski sets out to reform his neighbor, a Hmong teenager who tried to steal Kowalski's prized possession: a 1972 Gran Torino."
125,The Big Lebowski,"Comedy, Crime","Joel Coen, Ethan Coen","Jeff Bridges, John Goodman, Julianne Moore, Steve Buscemi","""The Dude"" Lebowski, mistaken for a millionaire Lebowski, seeks restitution for his ruined rug and enlists his bowling buddies to help get it."
126,The Thing,"Horror, Mystery, Sci-Fi",John Carpenter,"Kurt Russell, Wilford Brimley, T.K. Carter, David Clennon",A research facility in Antarctica comes across an alien force that can become anything it touches with 100% accuracy. The members must now find out who's human and who's not before it's too late.
127,It Happened One Night,"Comedy, Romance",Frank Capra,"Clark Gable, Claudette Colbert, Walter Connolly, Roscoe Karns",A spoiled heiress running away from her family is helped by a man who is actually a reporter in need of a story.
128,Fargo,"Crime, Drama, Thriller","Joel Coen, Ethan Coen","William H. Macy, Steve Buscemi, Peter Stormare, Kristin Rudrüd",Jerry Lundegaard's inept crime falls apart due to his and his henchmen's bungling and the persistent police work of the quite pregnant Marge Gunderson.
129,The Sixth Sense,"Drama, Mystery, Thriller",M. Night Shyamalan,"Bruce Willis, Haley Joel Osment, Toni Collette, Olivia Williams",A boy who communicates with spirits that don't know they're dead seeks the help of a disheartened child psychologist.
130,Finding Nemo,"Animation, Adventure, Comedy","Andrew Stanton, Lee Unkrich","Albert Brooks, Ellen DeGeneres, Alexander Gould, Willem Dafoe","After his son is captured in the Great Barrier Reef and taken to Sydney, a timid clownfish sets out on a journey to bring him home."
131,Mary and Max,"Animation, Comedy, Drama",Adam Elliot,"Toni Collette, Philip Seymour Hoffman, Barry Humphries, Eric Bana","A tale of friendship between two unlikely pen pals: Mary, a lonely, eight-year-old girl living in the suburbs of Melbourne, and Max, a forty-four-year old, severely obese man living in New York."
132,No Country for Old Men,"Crime, Drama, Thriller","Ethan Coen, Joel Coen","Tommy Lee Jones, Javier Bardem, Josh Brolin, Woody Harrelson",Violence and mayhem ensue after a hunter stumbles upon a drug deal gone wrong and more than two million dollars in cash near the Rio Grande.
133,How to Train Your Dragon,"Animation, Action, Adventure","Dean DeBlois, Chris Sanders","Jay Baruchel, Gerard Butler, Craig Ferguson, America Ferrera","A hapless young Viking who aspires to hunt dragons becomes the unlikely friend of a young dragon himself, and learns there may be more to the creatures than he assumed."
134,There Will Be Blood,"Drama, History",Paul Thomas Anderson,"Daniel Day-Lewis, Martin Stringer, Matthew Braden Stringer, Jacob Stringer","A story of family, religion, hatred, oil and madness, focusing on a turn-of-the-century prospector in the early days of the business."
135,Into the Wild,"Adventure, Biography, Drama",Sean Penn,"Emile Hirsch, Marcia Gay Harden, William Hurt, Jena Malone","After graduating from Emory University, top student and athlete Christopher McCandless abandons his possessions, gives his entire $24,000 savings account to charity and hitchhikes to Alaska to live in the wilderness. Along the way, Christopher encounters a series of characters that shape his life."
136,Kill Bill: Vol. 1,"Action, Crime, Thriller",Quentin Tarantino,"Uma Thurman, Lucy Liu, Vivica A. Fox, Daryl Hannah",The Bride wakens from a four-year coma. The child she carried in her womb is gone. Now she must wreak vengeance on the team of assassins who betrayed her - a team she was once part of.
137,Gone Girl,"Crime, Drama, Mystery",David Fincher,"Ben Affleck, Rosamund Pike, Neil Patrick Harris, Tyler Perry","With his wife's disappearance having become the focus of an intense media circus, a man sees the spotlight turned on him when it's suspected that he may not be innocent."
138,Life of Brian,Comedy,Terry Jones,"Graham Chapman, John Cleese, Terry Gilliam, Eric Idle","Brian is born on the original Christmas, in the stable next door. He spends his life being mistaken for a messiah."
139,Network,Drama,Sidney Lumet,"Faye Dunaway, William Holden, Peter Finch, Robert Duvall",A television network cynically exploits a deranged former anchor's ravings and revelations about the news media for its own profit.
140,Shutter Island,"Mystery, Thriller",Martin Scorsese,"Leonardo DiCaprio, Mark Ruffalo, Ben Kingsley, Max von Sydow","In 1954, a U.S. marshal investigates the disappearance of a murderess who escaped from a hospital for the criminally insane."
141,In the Name of the Father,"Biography, Drama",Jim Sheridan,"Alison Crosbie, Daniel Day-Lewis, Philip King, Emma Thompson",A man's coerced confession to an IRA bombing he did not commit results in the imprisonment of his father as well. An English lawyer fights to free them.
142,Rush,"Action, Biography, Drama",Ron Howard,"Chris Hemsworth, Daniel Brühl, Olivia Wilde, Alexandra Maria Lara",The merciless 1970s rivalry between Formula One rivals James Hunt and Niki Lauda.
143,Hotel Rwanda,"Biography, Drama, History",Terry George,"Don Cheadle, Xolani Mali, Desmond Dube, Hakeem Kae-Kazim",Paul Rusesabagina was a hotel manager who housed over a thousand Tutsi refugees during their struggle against the Hutu militia in Rwanda.
144,Platoon,"Drama, War",Oliver Stone,"Tom Berenger, Keith David, Willem Dafoe, Forest Whitaker",A young recruit in Vietnam faces a moral crisis when confronted with the horrors of war and the duality of man.
145,Song of the Sea,"Animation, Adventure, Family",Tomm Moore,"David Rawle, Brendan Gleeson, Lisa Hannigan, Fionnula Flanagan","Ben, a young Irish boy, and his little sister Saoirse, a girl who can turn into a seal, go on an adventure to free the fairies and save the spirit world."
146,Ben-Hur,"Adventure, Drama, History",William Wyler,"Charlton Heston, Jack Hawkins, Haya Harareet, Stephen Boyd","When a Jewish prince is betrayed and sent into slavery by a Roman friend, he regains his freedom and comes back for revenge."
147,Stand by Me,"Adventure, Drama",Rob Reiner,"Wil Wheaton, River Phoenix, Corey Feldman, Jerry O'Connell","After the death of a friend, a writer recounts a boyhood journey to find the body of a missing boy."
148,Hachi: A Dog's Tale,"Drama, Family",Lasse Hallström,"Richard Gere, Joan Allen, Cary-Hiroyuki Tagawa, Sarah Roemer",A college professor's bond with the abandoned dog he takes into his home.
149,Kind Hearts and Coronets,"Comedy, Crime",Robert Hamer,"Dennis Price, Valerie Hobson, Joan Greenwood, Alec Guinness",A distant poor relative of the Duke of D'Ascoyne plots to inherit the title by murdering the eight other heirs who stand ahead of him in the line of succession.
150,The Maltese Falcon,"Film-Noir, Mystery",John Huston,"Humphrey Bogart, Mary Astor, Gladys George, Peter Lorre","A private detective takes on a case that involves him with three eccentric criminals, a gorgeous liar, and their quest for a priceless statuette."
151,Butch Cassidy and the Sundance Kid,"Biography, Crime, Drama",George Roy Hill,"Paul Newman, Robert Redford, Katharine Ross, Strother Martin",Two Western bank/train robbers flee to Bolivia when the law gets too close.
152,The Legend of 1900,"Drama, Music, Romance",Giuseppe Tornatore,"Tim Roth, Pruitt Taylor Vince, Bill Nunn, Clarence Williams III","A baby boy, discovered in 1900 on an ocean liner, grows into a musical prodigy, never setting foot on land."
153,Spotlight,"Crime, Drama, History",Tom McCarthy,"Mark Ruffalo, Michael Keaton, Rachel McAdams, Liev Schreiber","The true story of how the Boston Globe uncovered the massive scandal of child molestation and cover-up within the local Catholic Archdiocese, shaking the entire Catholic Church to its core."
154,Brief Encounter,"Drama, Romance",David Lean,"Celia Johnson, Trevor Howard, Stanley Holloway, Joyce Carey","Meeting a stranger in a railway station, a woman is tempted to cheat on her husband."
155,The Best Years of Our Lives,"Drama, Romance, War",William Wyler,"Myrna Loy, Fredric March, Dana Andrews, Teresa Wright",Three World War II veterans return home to small-town America to discover that they and their families have been irreparably changed.
156,The Grapes of Wrath,"Drama, History",John Ford,"Henry Fonda, Jane Darwell, John Carradine, Charley Grapewin","A poor Midwest family is forced off their land. They travel to California, suffering the misfortunes of the homeless in the Great Depression."
157,12 Years a Slave,"Biography, Drama, History",Steve McQueen,"Chiwetel Ejiofor, Dwight Henry, Dickie Gravois, Bryan Batt","In the antebellum United States, Solomon Northup, a free black man from upstate New York, is abducted and sold into slavery."
158,The Grand Budapest Hotel,"Adventure, Comedy, Drama",Wes Anderson,"Ralph Fiennes, F. Murray Abraham, Mathieu Amalric, Adrien Brody","The adventures of Gustave H, a legendary concierge at a famous hotel from the fictional Republic of Zubrowka between the first and second World Wars, and Zero Moustafa, the lobby boy who becomes his most trusted friend."
159,Mad Max: Fury Road,"Action, Adventure, Sci-Fi",George Miller,"Tom Hardy, Charlize Theron, Nicholas Hoult, Hugh Keays-Byrne","A woman rebels against a tyrannical ruler in postapocalyptic Australia in search for her home-land with the help of a group of female prisoners, a psychotic worshipper, and a drifter named Max."
160,The Princess Bride,"Adventure, Family, Fantasy",Rob Reiner,"Cary Elwes, Mandy Patinkin, Chris Sarandon, Christopher Guest","While home sick in bed, a young boy's grandfather reads him a story called The Princess Bride."
161,What Ever Happened to Baby Jane?,"Drama, Horror, Thriller",Robert Aldrich,"Bette Davis, Joan Crawford, Victor Buono, Wesley Addy",A former child star torments her paraplegic sister in their decaying Hollywood mansion.
162,Million Dollar Baby,"Drama, Sport",Clint Eastwood,"Clint Eastwood, Hilary Swank, Morgan Freeman, Jay Baruchel",A determined woman works with a hardened boxing trainer to become a professional.
163,Jurassic Park,"Adventure, Sci-Fi, Thriller",Steven Spielberg,"Sam Neill, Laura Dern, Jeff Goldblum, Richard Attenborough","During a preview tour, a theme park suffers a major power breakdown that allows its cloned dinosaur exhibits to run amok."
164,Touch of Evil,"Crime, Drama, Film-Noir",Orson Welles,"Charlton Heston, Janet Leigh, Orson Welles, Joseph Calleia","A stark, perverse story of murder, kidnapping, and police corruption in a Mexican border town."
165,Spider-Man: Homecoming,"Action, Adventure, Sci-Fi",Jon Watts,"Tom Holland, Michael Keaton, Robert Downey Jr., Marisa Tomei","Peter Parker, with the help of his mentor Tony Stark, tries to balance his life as an ordinary high school student in New York City while fighting crime as his superhero alter ego Spider-Man when a new threat emerges."
166,Before Sunrise,"Drama, Romance",Richard Linklater,"Ethan Hawke, Julie Delpy, Andrea Eckert, Hanno Pöschl","A young man and woman meet on a train in Europe, and wind up spending one evening together in Vienna. Unfortunately, both know that this will probably be their only night together."
167,The Truman Show,"Comedy, Drama, Sci-Fi",Peter Weir,"Jim Carrey, Laura Linney, Noah Emmerich, Natascha McElhone",An insurance salesman/adjuster discovers his entire life is actually a television show.
168,Harry Potter and the Deathly Hallows: Part 2,"Adventure, Drama, Fantasy",David Yates,"Ralph Fiennes, Michael Gambon, Alan Rickman, Daniel Radcliffe","Harry, Ron and Hermione search for Voldemort's remaining Horcruxes in their effort to destroy the Dark Lord as the final battle rages on at Hogwarts."
169,Star Wars: The Force Awakens,"Action, Adventure, Fantasy",J.J. Abrams,"Harrison Ford, Mark Hamill, Carrie Fisher, Adam Driver","Three decades after the Empire's defeat, a new threat arises in the militant First Order. Stormtrooper defector Finn and spare parts scavenger Rey are caught up in the Resistance's search for the missing Luke Skywalker."
170,"Paris, Texas",Drama,Wim Wenders,"Harry Dean Stanton, Sam Berry, Bernhard Wicki, Dean Stockwell","Travis Henderson, an aimless drifter who has been missing for four years, wanders out of the desert and must reconnect with society, himself, his life, and his family."
171,The Last Picture Show,Drama,Peter Bogdanovich,"Timothy Bottoms, Jeff Bridges, Cybill Shepherd, Ben Johnson","In 1951, a group of high schoolers come of age in a bleak, isolated, atrophied West Texas town that is slowly dying, both culturally and economically."
172,Gandhi,"Biography, Drama, History",Richard Attenborough,"Ben Kingsley, Candice Bergen, Edward Fox, John Gielgud","Gandhi's character is fully explained as a man of nonviolence. Through his patience, he is able to drive the British out of the subcontinent. And the stubborn nature of Jinnah and his commitment towards Pakistan is portrayed."
173,Barry Lyndon,"Adventure, Drama, History",Stanley Kubrick,"Ryan O'Neal, Marisa Berenson, Patrick Magee, Hardy Krüger",An Irish rogue wins the heart of a rich widow and assumes her dead husband's aristocratic position in 18th-century England.
174,Rocky,"Drama, Sport",John G. Avildsen,"Sylvester Stallone, Talia Shire, Burt Young, Carl Weathers","Rocky Balboa, a small-time boxer, gets a supremely rare chance to fight heavy-weight champion Apollo Creed in a bout in which he strives to go the distance for his self-respect."
175,Annie Hall,"Comedy, Romance",Woody Allen,"Woody Allen, Diane Keaton, Tony Roberts, Carol Kane",Neurotic New York comedian Alvy Singer falls in love with the ditzy Annie Hall.
176,Prisoners,"Crime, Drama, Mystery",Denis Villeneuve,"Hugh Jackman, Jake Gyllenhaal, Viola Davis, Maria Bello","When Keller Dover's daughter and her friend go missing, he takes matters into his own hands as the police pursue multiple leads and the pressure mounts."
177,Donnie Darko,"Drama, Sci-Fi, Thriller",Richard Kelly,"Jake Gyllenhaal, Holmes Osborne, Maggie Gyllenhaal, Daveigh Chase","A troubled teenager is plagued by visions of a man in a large rabbit suit who manipulates him to commit a series of crimes, after he narrowly escapes a bizarre accident."
178,Catch Me If You Can,"Biography, Crime, Drama",Steven Spielberg,"Leonardo DiCaprio, Tom Hanks, Christopher Walken, Martin Sheen","The story of 'Frank Abagnale Jr., before his 19th birthday, successfully forged millions of dollars' worth of checks while posing as a Pan Am pilot, a doctor, and legal prosecutor as a seasoned and dedicated FBI agent pursues him."
179,The Man Who Shot Liberty Valance,"Action, Drama, Western",John Ford,"John Wayne, James Stewart, Vera Miles, Lee Marvin","A senator, who became famous for killing a notorious outlaw, returns for the funeral of an old friend and tells the truth about his deed."
180,Laura,"Drama, Film-Noir, Mystery",Otto Preminger,"Gene Tierney, Dana Andrews, Clifton Webb, Vincent Price",A police detective falls in love with the woman whose murder he is investigating.
181,"Monsters, Inc.","Animation, Adventure, Comedy","Pete Docter, David Silverman, Lee Unkrich","John Goodman, Billy Crystal, Mary Gibbs, Steve Buscemi","In order to power the city, monsters have to scare children so that they scream. However, the children are toxic to the monsters, and after a child gets through, 2 monsters realize things may not be what they think."
182,The Bourne Ultimatum,"Action, Mystery, Thriller",Paul Greengrass,"Matt Damon, Julia Stiles, David Strathairn, Scott Glenn",Jason Bourne dodges a ruthless CIA official and his agents from a new assassination program while searching for the origins of his life as a trained killer.
183,Cat on a Hot Tin Roof,"Drama, Romance",Richard Brooks,"Elizabeth Taylor, Paul Newman, Burl Ives, Jack Carson","Brick, an alcoholic ex-football player, drinks his days away and resists the affections of his wife, Maggie. His reunion with his father, Big Daddy, who is dying of cancer, jogs a host of memories and revelations for both father and son."
184,The Wizard of Oz,"Adventure, Family, Fantasy","Victor Fleming, George Cukor, Mervyn LeRoy, Norman Taurog, King Vidor","Judy Garland, Frank Morgan, Ray Bolger, Bert Lahr",Dorothy Gale is swept away from a farm in Kansas to a magical land of Oz in a tornado and embarks on a quest with her new friends to see the Wizard who can help her return home in Kansas and help her friends as well.
185,Sleuth,"Mystery, Thriller",Joseph L. Mankiewicz,"Laurence Olivier, Michael Caine, Alec Cawthorne, John Matthews","A man who loves games and theater invites his wife's lover to meet him, setting up a battle of wits with potentially deadly results."
186,Roman Holiday,"Comedy, Romance",William Wyler,"Gregory Peck, Audrey Hepburn, Eddie Albert, Hartley Power",A bored and sheltered princess escapes her guardians and falls in love with an American newsman in Rome.
187,Out of the Past,"Crime, Drama, Film-Noir",Jacques Tourneur,"Robert Mitchum, Jane Greer, Kirk Douglas, Rhonda Fleming","A private eye escapes his past to run a gas station in a small town, but his past catches up with him. Now he must return to the big city world of danger, corruption, double crosses and duplicitous dames."
188,Anatomy of a Murder,"Crime, Drama, Mystery",Otto Preminger,"James Stewart, Lee Remick, Ben Gazzara, Arthur O'Connell","In a murder trial, the defendant says he suffered temporary insanity after the victim raped his wife. What is the truth, and will he win his case?"
189,Who's Afraid of Virginia Woolf?,Drama,Mike Nichols,"Elizabeth Taylor, Richard Burton, George Segal, Sandy Dennis","A bitter, aging couple, with the help of alcohol, use a young couple to fuel anguish and emotional pain towards each other."
190,The Terminator,"Action, Sci-Fi",James Cameron,"Arnold Schwarzenegger, Michael Biehn, Linda Hamilton, Paul Winfield","A seemingly indestructible humanoid cyborg is sent from 2029 to 1984 to assassinate a waitress, whose unborn son will lead humanity in a war against the machines, while a soldier from that war is sent to protect her at all costs."
191,Groundhog Day,"Comedy, Fantasy, Romance",Harold Ramis,"Bill Murray, Andie MacDowell, Chris Elliott, Stephen Tobolowsky",A weatherman finds himself inexplicably living the same day over and over again.
192,The Help,Drama,Tate Taylor,"Emma Stone, Viola Davis, Bryce Dallas Howard, Octavia Spencer","An aspiring author during the civil rights movement of the 1960s decides to write a book detailing the African American maids' point of view on the white families for which they work, and the hardships they go through on a daily basis."
193,Strangers on a Train,"Crime, Film-Noir, Thriller",Alfred Hitchcock,"Farley Granger, Ruth Roman, Robert Walker, Leo G. Carroll",A psychotic socialite confronts a pro tennis star with a theory on how two complete strangers can get away with murder - a theory that he plans to implement.
194,The Night of the Hunter,"Crime, Drama, Film-Noir",Charles Laughton,"Robert Mitchum, Shelley Winters, Lillian Gish, James Gleason","A religious fanatic marries a gullible widow whose young children are reluctant to tell him where their real daddy hid $10,000 he'd stolen in a robbery."
195,All Quiet on the Western Front,"Drama, War",Lewis Milestone,"Louis Wolheim, Lew Ayres, John Wray, Arnold Lucy",A young soldier faces profound disillusionment in the soul-destroying horror of World War I.
196,Beauty and the Beast,"Animation, Family, Fantasy","Gary Trousdale, Kirk Wise","Robby Benson, Jesse Corti, Rex Everhart, Angela Lansbury","A young woman whose father has been imprisoned by a terrifying beast offers herself in his place, unaware that her captor is actually a prince, physically altered by a magic spell."
197,Lion,"Biography, Drama",Garth Davis,"Sunny Pawar, Abhishek Bharate, Priyanka Bose, Khushi Solanki","A five-year-old Indian boy gets lost on the streets of Calcutta, thousands of kilometers from home. He survives many challenges before being adopted by a couple in Australia. 25 years later, he sets out to find his lost family."
198,Twelve Monkeys,"Mystery, Sci-Fi, Thriller",Terry Gilliam,"Joseph Melito, Bruce Willis, Jon Seda, Michael Chance","In a future world devastated by disease, a convict is sent back in time to gather information about the man-made virus that wiped out most of the human population on the planet."
199,Guardians of the Galaxy,"Action, Adventure, Sci-Fi",James Gunn,"Chris Pratt, Zoe Saldana, Dave Bautista, Vin Diesel",A group of intergalactic criminals are forced to work together to stop a fanatical warrior from taking control of the universe.
200,Dog Day Afternoon,"Biography, Crime, Drama",Sidney Lumet,"Penelope Allen, Sully Boyar, John Cazale, Beulah Garrick",A man robs a bank to pay for his lover's operation; it turns into a hostage situation and a media circus.
201,Jaws,"Adventure, Drama, Thriller",Steven Spielberg,"Roy Scheider, Robert Shaw, Richard Dreyfuss, Lorraine Gary","A giant great white shark arrives on the shores of a New England beach resort and wreaks havoc with bloody attacks on swimmers, until a local sheriff teams up with a marine biologist and an old seafarer to hunt the monster down."
202,Zootopia,"Animation, Adventure, Comedy","Jared Bush, Byron Howard, Rich Moore","Ginnifer Goodwin, Jason Bateman, Idris Elba, Jenny Slate","In a city of anthropomorphic animals, a rookie bunny cop and a cynical con artist fox must work together to uncover a conspiracy."
203,Guardians of the Galaxy Vol. 2,"Action, Adventure, Sci-Fi",James Gunn,"Chris Pratt, Zoe Saldana, Dave Bautista, Vin Diesel",The Guardians must fight to keep their newfound family together as they unravel the mystery of Peter Quill's true parentage.
204,Pirates of the Caribbean: The Curse of the Black Pearl,"Action, Adventure, Fantasy",Gore Verbinski,"Johnny Depp, Geoffrey Rush, Orlando Bloom, Keira Knightley","Blacksmith Will Turner teams up with eccentric pirate ""Captain"" Jack Sparrow to save his love, the governor's daughter, from Jack's former pirate allies, who are now undead."
205,Before Sunset,"Drama, Romance",Richard Linklater,"Ethan Hawke, Julie Delpy, Vernon Dobtcheff, Louise Lemoine Torrès","Nine years after Jesse and Celine first met, they encounter each other again on the French leg of Jesse's book tour."
206,The Imitation Game,"Biography, Drama, Thriller",Morten Tyldum,"Benedict Cumberbatch, Keira Knightley, Matthew Goode, Rory Kinnear","During World War II, mathematician Alan Turing tries to crack the enigma code with help from fellow mathematicians."
207,Young Frankenstein,Comedy,Mel Brooks,"Gene Wilder, Peter Boyle, Marty Feldman, Madeline Kahn","An American grandson of the infamous scientist, struggling to prove that he is not as insane as people believe, is invited to Transylvania, where he discovers the process that reanimates a dead body."
208,Stalag 17,"Drama, War",Billy Wilder,"William Holden, Don Taylor, Otto Preminger, Robert Strauss","When two escaping American World War II prisoners are killed, the German POW camp barracks black marketeer, J.J. Sefton, is suspected of being an informer."
209,Dogville,"Crime, Drama",Lars von Trier,"Nicole Kidman, Harriet Andersson, Lauren Bacall, Jean-Marc Barr","A woman on the run from the mob is reluctantly accepted in a small Colorado town. In exchange, she agrees to work for them. As a search visits town, she finds out that their support has a price. Yet her dangerous secret is never far away..."
210,Dead Poets Society,"Comedy, Drama",Peter Weir,"Robin Williams, Robert Sean Leonard, Ethan Hawke, Josh Charles",English teacher John Keating inspires his students to look at poetry with a different perspective of authentic knowledge and feelings.
211,High Noon,"Drama, Thriller, Western",Fred Zinnemann,"Gary Cooper, Thomas Mitchell, Lloyd Bridges, Katy Jurado","Marshal Will Kane, personally compelled to face his returning deadly enemy Frank Miller, finds that his fellow townspeople refuse to help him."
212,Papillon,"Biography, Crime, Drama",Franklin J. Schaffner,"Steve McQueen, Dustin Hoffman, Victor Jory, Don Gordon","A man befriends a fellow criminal as the two of them begin serving their sentence on a dreadful prison island, which inspires the man to plot his escape."
213,A Streetcar Named Desire,Drama,Elia Kazan,"Vivien Leigh, Marlon Brando, Kim Hunter, Karl Malden",Disturbed Blanche DuBois moves in with her sister in New Orleans and is tormented by her brutish brother-in-law while her reality crumbles around her.
214,Arsenic and Old Lace,"Comedy, Crime, Thriller",Frank Capra,"Cary Grant, Priscilla Lane, Raymond Massey, Jack Carson","A drama critic learns on his wedding day that his beloved maiden aunts are homicidal maniacs, and that insanity runs in his family."
215,Sin City,"Crime, Thriller","Frank Miller, Robert Rodriguez, Quentin Tarantino","Jessica Alba, Devon Aoki, Alexis Bledel, Powers Boothe","A film that explores the dark and miserable town, Basin City, and tells the story of three different people, all caught up in violent corruption."
216,The Hustler,"Drama, Sport",Robert Rossen,"Paul Newman, Jackie Gleason, Piper Laurie, George C. Scott",An up-and-coming pool player plays a long-time champion in a single high-stakes match.
217,A Night at the Opera,"Comedy, Music, Musical","Sam Wood, Edmund Goulding","Groucho Marx, Chico Marx, Harpo Marx, Kitty Carlisle",A sly business manager and two wacky friends of two opera singers help them achieve success while humiliating their stuffy and snobbish enemies.
218,The Killing,"Crime, Drama, Film-Noir",Stanley Kubrick,"Sterling Hayden, Coleen Gray, Vince Edwards, Jay C. Flippen",Crooks plan and execute a daring race-track robbery.
219,The Avengers,"Action, Sci-Fi",Joss Whedon,"Robert Downey Jr., Chris Evans, Mark Ruffalo, Chris Hemsworth",Earth's mightiest heroes must come together and learn to fight as a team if they are to stop the mischievous Loki and his alien army from enslaving humanity.
220,Notorious,"Drama, Film-Noir, Romance",Alfred Hitchcock,"Cary Grant, Ingrid Bergman, Claude Rains, Louis Calhern",A woman is asked to spy on a group of Nazi friends in South America. How far will she have to go to ingratiate herself with them?
221,Harvey,"Comedy, Drama, Fantasy",Henry Koster,"Wallace Ford, William H. Lynn, Victoria Horne, Jesse White","Due to his insistence that he has an invisible six foot-tall rabbit for a best friend, a whimsical middle-aged man is thought by his family to be insane - but he may be wiser than anyone knows."
222,The Martian,"Adventure, Drama, Sci-Fi",Ridley Scott,"Matt Damon, Jessica Chastain, Kristen Wiig, Jeff Daniels","An astronaut becomes stranded on Mars after his team assume him dead, and must rely on his ingenuity to find a way to signal to Earth that he is alive."
223,The Exorcist,Horror,William Friedkin,"Ellen Burstyn, Max von Sydow, Lee J. Cobb, Kitty Winn","When a teenage girl is possessed by a mysterious entity, her mother seeks the help of two priests to save her daughter."
224,Rio Bravo,"Action, Drama, Western",Howard Hawks,"John Wayne, Dean Martin, Ricky Nelson, Angie Dickinson","A small-town sheriff in the American West enlists the help of a cripple, a drunk, and a young gunfighter in his efforts to hold in jail the brother of the local bad guy."
225,The Philadelphia Story,"Comedy, Romance",George Cukor,"Cary Grant, Katharine Hepburn, James Stewart, Ruth Hussey","When a rich woman's ex-husband and a tabloid-type reporter turn up just before her planned remarriage, she begins to learn the truth about herself."
226,Rope,"Crime, Drama, Thriller",Alfred Hitchcock,"John Dall, Farley Granger, Edith Evanson, Douglas Dick","Two young men strangle their ""inferior"" classmate, hide his body in their apartment, and invite his friends and family to a dinner party as a means to challenge the ""perfection"" of their crime."
227,The Big Sleep,"Crime, Film-Noir, Mystery",Howard Hawks,"Humphrey Bogart, Lauren Bacall, John Ridgely, Martha Vickers","Private detective Philip Marlowe is hired by a rich family. Before the complex case is over, he's seen murder, blackmail, and what might be love."
228,Pink Floyd: The Wall,"Animation, Drama, Fantasy",Alan Parker,"Bob Geldof, Christine Hargreaves, James Laurenson, Eleanor David",A confined but troubled rock star descends into madness in the midst of his physical and social isolation from everyone.
229,The King's Speech,"Biography, Drama",Tom Hooper,"Colin Firth, Helena Bonham Carter, Derek Jacobi, Robert Portal","The story of King George VI of the United Kingdom of Great Britain and Northern Ireland, his impromptu ascension to the throne and the speech therapist who helped the unsure monarch become worthy of it."
230,A Christmas Story,"Comedy, Family",Bob Clark,"Melinda Dillon, Darren McGavin, Peter Billingsley, Scott Schwartz","In the 1940s, a young boy named Ralphie attempts to convince his parents, his teacher, and Santa that a Red Ryder B.B. gun really is the perfect Christmas gift."
231,The Graduate,"Comedy, Drama",Mike Nichols,"Anne Bancroft, Dustin Hoffman, Katharine Ross, William Daniels",A disillusioned college graduate finds himself torn between his older lover and her daughter.
232,JFK,"Drama, History, Thriller",Oliver Stone,"Sally Kirkland, Anthony Ramirez, Ray LePere, Steve Reed",A New Orleans DA discovers there's more to the Kennedy assassination than the official story.
233,Sling Blade,Drama,Billy Bob Thornton,"Billy Bob Thornton, Dwight Yoakam, J.T. Walsh, John Ritter","Karl Childers, a simple man hospitalized since his childhood murder of his mother and her lover, is released to start a new life in a small town."
234,Blood Diamond,"Adventure, Drama, Thriller",Edward Zwick,"Leonardo DiCaprio, Djimon Hounsou, Jennifer Connelly, Kagiso Kuypers","A fisherman, a smuggler, and a syndicate of businessmen match wits over the possession of a priceless diamond."
235,Magnolia,Drama,Paul Thomas Anderson,"Pat Healy, Genevieve Zweig, Mark Flanagan, Neil Flynn","An epic mosaic of interrelated characters in search of love, forgiveness, and meaning in the San Fernando Valley."
236,Rain Man,Drama,Barry Levinson,"Dustin Hoffman, Tom Cruise, Valeria Golino, Gerald R. Molen",Selfish yuppie Charlie Babbitt's father left a fortune to his savant brother Raymond and a pittance to Charlie; they travel cross-country.
237,The Revenant,"Adventure, Drama, Thriller",Alejandro González Iñárritu,"Leonardo DiCaprio, Tom Hardy, Domhnall Gleeson, Will Poulter",A frontiersman on a fur trading expedition in the 1820s fights for survival after being mauled by a bear and left for dead by members of his own hunting team.
238,The Nightmare Before Christmas,"Animation, Family, Fantasy",Henry Selick,"Danny Elfman, Chris Sarandon, Catherine O'Hara, William Hickey","Jack Skellington, king of Halloween Town, discovers Christmas Town, but his attempts to bring Christmas to his home cause confusion."
239,The Manchurian Candidate,"Drama, Thriller",John Frankenheimer,"Frank Sinatra, Laurence Harvey, Janet Leigh, Angela Lansbury",A former prisoner of war is brainwashed as an unwitting assassin for an international Communist conspiracy.
240,Deadpool,"Action, Adventure, Comedy",Tim Miller,"Ryan Reynolds, Karan Soni, Ed Skrein, Michael Benyaer",A fast-talking mercenary with a morbid sense of humor is subjected to a rogue experiment that leaves him with accelerated healing powers and a quest for revenge.
241,The Wild Bunch,"Action, Adventure, Western",Sam Peckinpah,"William Holden, Ernest Borgnine, Robert Ryan, Edmond O'Brien","An aging group of outlaws look for one last big score as the ""traditional"" American West is disappearing around them."
242,Aladdin,"Animation, Adventure, Comedy","Ron Clements, John Musker","Scott Weinger, Robin Williams, Linda Larkin, Jonathan Freeman","When a street urchin vies for the love of a beautiful princess, he uses a genie's magic power to make himself off as a prince in order to marry her."
243,Big Fish,"Adventure, Drama, Fantasy",Tim Burton,"Ewan McGregor, Albert Finney, Billy Crudup, Jessica Lange",A frustrated son tries to determine the fact from fiction in his dying father's life.
244,Patton,"Biography, Drama, War",Franklin J. Schaffner,"George C. Scott, Karl Malden, Stephen Young, Michael Strong","The World War II phase of the career of the controversial American general, George S. Patton."
245,The Lost Weekend,"Drama, Film-Noir",Billy Wilder,"Ray Milland, Jane Wyman, Phillip Terry, Howard Da Silva",The desperate life of a chronic alcoholic is followed through a four-day drinking bout.
246,Short Term 12,Drama,Destin Daniel Cretton,"Brie Larson, John Gallagher Jr., Stephanie Beatriz, Rami Malek",A 20-something supervising staff member of a residential treatment facility navigates the troubled waters of that world alongside her co-worker and longtime boyfriend.
247,His Girl Friday,"Comedy, Drama, Romance",Howard Hawks,"Cary Grant, Rosalind Russell, Ralph Bellamy, Gene Lockhart",A newspaper editor uses every trick in the book to keep his ace reporter ex-wife from remarrying.
248,The Straight Story,"Biography, Drama",David Lynch,"Sissy Spacek, Jane Galloway Heitz, Joseph A. Carpenter, Donald Wiegert",An old man makes a long journey by lawn-mover tractor to mend his relationship with an ill brother.
249,Slumdog Millionaire,Drama,"Danny Boyle, Loveleen Tandan","Dev Patel, Saurabh Shukla, Anil Kapoor, Raj Zutshi","A Mumbai teen reflects on his upbringing in the slums when he is accused of cheating on the Indian Version of ""Who Wants to be a Millionaire?"""
250,Moneyball,"Biography, Drama, Sport",Bennett Miller,"Brad Pitt, Jonah Hill, Philip Seymour Hoffman, Robin Wright",Oakland A's general manager Billy Beane's successful attempt to assemble a baseball team on a lean budget by employing computer-generated analysis to acquire new players.
251,Moonlight,Drama,Barry Jenkins,"Mahershala Ali, Shariff Earp, Duan Sanderson, Alex R. Hibbert","A young African-American man grapples with his identity and sexuality while experiencing the everyday struggles of childhood, adolescence, and burgeoning adulthood."
252,Ratatouille,"Animation, Adventure, Comedy, Family, Fantasy","Brad Bird, Jan Pinkava(co-director)","Patton Oswalt, Ian Holm, Lou Romano, Brian Dennehy",A rat who can cook makes an unusual alliance with a young kitchen worker at a famous restaurant.
253,Pariah,Drama,Dee Rees,"Adepero Oduye, Pernell Walker, Aasha Davis, Charles Parnell","A Brooklyn teenager juggles conflicting identities and risks friendship, heartbreak, and family in a desperate search for sexual expression."
254,Every Day,"Drama, Fantasy, Romance",Michael Sucsy,"Angourie Rice, Justice Smith, Jeni Ross, Lucas Jade Zumann",A shy teenager falls for a spirit who wakes up in the body of a different person every morning.
255,Blow,"Biography, Crime, Drama",Ted Demme,"Johnny Depp, Penélope Cruz, Franka Potente, Rachel Griffiths","The story of how George Jung, along with the Medellín Cartel headed by Pablo Escobar, established the American cocaine market in the 1970s in the United States."
256,The Craft,"Drama, Fantasy, Horror, Thriller",Andrew Fleming,"Robin Tunney, Fairuza Balk, Neve Campbell, Rachel True","A newcomer to a Catholic prep high school falls in with a trio of outcast teenage girls who practice witchcraft, and they all soon conjure up various spells and curses against those who anger them."
257,The Hate U Give,"Crime, Drama",George Tillman Jr.,"Amandla Stenberg, Regina Hall, Russell Hornsby, Anthony Mackie","Starr witnesses the fatal shooting of her childhood best friend Khalil at the hands of a police officer. Now, facing pressure from all sides of the community, Starr must find her voice and stand up for what's right."
